ds_script	ds_source_line	ds_settext_ordinal	ds_speaker	pc_message_id	pc_speaker	jp_ogg_paths	ogg_segment_count	alignment_method	normalized_text_exact	char_tfidf_cosine	sequence_ratio	confidence	pc_scene	scene_range_source	scene_max_per_line	selection_status	message_count	speaker_policy	semantic_token_f1
a01b.fsb.txt	702	127	NOVEL	A01b_010_170_02_10	淳平	/sound/voice/A01b_010_170_02_10_00.ogg	1	extended_novel_semantic_reviewed	false	0.338800	0.478261	medium	010	debug_export	12	extended_selected	1	novel_semantic	0.400000
a01b.fsb.txt	1064	182	NOVEL	A01b_020_080_03_10	淳平	/sound/voice/A01b_020_080_03_10_00.ogg	1	extended_novel_semantic	false	0.412822	0.727273	medium	020	debug_export	12	extended_selected	1	novel_semantic	0.600000
a01d.fsb.txt	235	50	NOVEL	A01d_010_150_01_10	淳平	/sound/voice/A01d_010_150_01_10_00.ogg	1	extended_novel_semantic_reviewed	false	0.274275	0.500000	medium	010	debug_export	12	extended_selected	1	novel_semantic	0.400000
a01e.fsb.txt	466	102	岩男	A01e_030_060_04_00	岩男	/sound/voice/A01e_030_060_04_00_00.ogg	1	extended_same_speaker	false	0.273260	0.432432	medium	030	exact_anchor_before_debug	12	extended_selected	1	same	0.400000
a01e.fsb.txt	539	114	NOVEL	A01e_030_100_02_10	淳平	/sound/voice/A01e_030_100_02_10_00.ogg	1	extended_novel_semantic_reviewed	false	0.277063	0.578947	medium	030	exact_anchor_before_debug	12	extended_selected	1	novel_semantic	0.363636
a01e.fsb.txt	1074	244	NOVEL	A01e_060_040_02_10	淳平	/sound/voice/A01e_060_040_02_10_00.ogg	1	extended_novel_semantic	false	0.752488	0.833333	high	060	debug_export	12	extended_selected	1	novel_semantic	0.666667
a01e.fsb.txt	1079	246	NOVEL	A01e_060_050_01_10	淳平	/sound/voice/A01e_060_050_01_10_00.ogg	1	extended_novel_semantic	false	0.645433	0.784615	medium	060	debug_export	12	extended_selected	1	novel_semantic	0.727273
a11b.fsb.txt	190	34	NOVEL	A11b_010_120_01_10	淳平	/sound/voice/A11b_010_120_01_10_00.ogg	1	extended_novel_semantic	false	0.594588	0.857143	high	010	debug_export	12	extended_selected	1	novel_semantic	1.000000
a11b.fsb.txt	289	54	淳平	A11b_020_020_03_10	淳平	/sound/voice/A11b_020_020_03_10_00.ogg	1	extended_same_speaker	false	0.227252	0.545455	medium	020	debug_export	12	extended_selected	1	same	0.500000
a11b.fsb.txt	406	83	NOVEL	A11b_030_060_03_10	淳平	/sound/voice/A11b_030_060_03_10_00.ogg	1	extended_novel_semantic_reviewed	false	0.385388	0.535211	medium	030	debug_export	12	extended_selected	1	novel_semantic	0.444444
a11b.fsb.txt	597	127	NOVEL	A11b_040_040_02_10	淳平	/sound/voice/A11b_040_040_02_10_00.ogg	1	extended_novel_semantic_reviewed	false	0.490100	0.416667	medium	040	debug_export	12	extended_selected	1	novel_semantic	0.400000
a11b.fsb.txt	627	136	NOVEL	A11b_040_060_05_10	淳平	/sound/voice/A11b_040_060_05_10_00.ogg	1	extended_novel_exact	true	1.000000	1.000000	exact	040	debug_export	12	extended_selected	1	novel_semantic	1.000000
a11b.fsb.txt	632	137	NOVEL	A11b_040_060_06_10	淳平	/sound/voice/A11b_040_060_06_10_00.ogg	1	extended_novel_exact	true	1.000000	1.000000	exact	040	debug_export	12	extended_selected	1	novel_semantic	1.000000
a11b.fsb.txt	637	138	NOVEL	A11b_040_060_07_10	淳平	/sound/voice/A11b_040_060_07_10_00.ogg	1	extended_novel_semantic_reviewed	false	0.577868	0.560000	medium	040	debug_export	12	extended_selected	1	novel_semantic	1.000000
a11b.fsb.txt	700	153	NOVEL	A11b_040_110_03_10	淳平	/sound/voice/A11b_040_110_03_10_00.ogg	1	extended_novel_semantic_reviewed	false	0.465618	0.615385	medium	040	debug_export	12	extended_selected	1	novel_semantic	0.444444
a11d.fsb.txt	465	145	NOVEL	A11d_020_020_03_20	淳平	/sound/voice/A11d_020_020_03_20_00.ogg	1	extended_novel_semantic	false	0.548033	0.621622	medium	020	debug_export	12	extended_selected	1	novel_semantic	0.666667
a11d.fsb.txt	538	166	淳平	A11d_020_070_03_00	淳平	/sound/voice/A11d_020_070_03_00_00.ogg	1	extended_same_speaker	false	0.125530	0.588235	high	020	debug_export	12	extended_selected	1	same	1.000000
a11d.fsb.txt	580	182	NOVEL	A11d_020_100_05_10	淳平	/sound/voice/A11d_020_100_05_10_00.ogg	1	extended_novel_semantic_reviewed	false	0.000000	0.500000	medium	020	debug_export	12	extended_selected	1	novel_semantic	0.000000
a11d.fsb.txt	696	215	NOVEL	A11d_030_020_02_10	淳平	/sound/voice/A11d_030_020_02_10_00.ogg	1	extended_novel_semantic_reviewed	false	0.560746	0.550000	medium	030	debug_export	12	extended_selected	1	novel_semantic	0.500000
a11d.fsb.txt	1980	610	NOVEL	A11d_040_440_02_10	淳平	/sound/voice/A11d_040_440_02_10_00.ogg	1	extended_novel_semantic	false	0.968946	0.904762	high	040	debug_export	12	extended_selected	1	novel_semantic	1.000000
a12d.fsb.txt	154	51	紫	A12d_010_120_04_00	紫	/sound/voice/A12d_010_120_04_00_00.ogg	1	extended_same_speaker	false	0.294495	0.750000	high	010	debug_export	12	extended_selected	1	same	1.000000
a12d.fsb.txt	994	296	NOVEL	A12d_030_280_01_20	紫	/sound/voice/A12d_030_280_01_20_00.ogg	1	extended_novel_semantic	false	0.812752	0.784530	medium	030	debug_export	12	extended_selected	1	novel_semantic	0.750000
a12d.fsb.txt	997	297	NOVEL	A12d_030_280_02_10	紫	/sound/voice/A12d_030_280_02_10_00.ogg	1	extended_novel_exact	true	1.000000	1.000000	exact	030	debug_export	12	extended_selected	1	novel_semantic	1.000000
a12d.fsb.txt	999	298	NOVEL	A12d_030_280_03_10	紫	/sound/voice/A12d_030_280_03_10_00.ogg	1	extended_novel_exact	true	1.000000	1.000000	exact	030	debug_export	12	extended_selected	1	novel_semantic	1.000000
a12d.fsb.txt	1125	337	NOVEL	A12d_030_370_03_10	淳平	/sound/voice/A12d_030_370_03_10_00.ogg	1	extended_novel_semantic_reviewed	false	0.411220	0.563107	medium	030	debug_export	12	extended_selected	1	novel_semantic	0.363636
a12d.fsb.txt	1148	341	NOVEL	A12d_040_010_03_10	淳平	/sound/voice/A12d_040_010_03_10_00.ogg	1	extended_novel_semantic_reviewed	false	0.484618	0.422360	medium	040	debug_export	12	extended_selected	1	novel_semantic	0.470588
a12d.fsb.txt	1530	436	NOVEL	A12d_040_260_02_10	淳平	/sound/voice/A12d_040_260_02_10_00.ogg | /sound/voice/A12d_040_260_02_10_01.ogg	2	extended_novel_semantic	false	0.621378	0.804348	high	040	debug_export	12	extended_selected	1	novel_semantic	0.571429
a12e.fsb.txt	276	58	NOVEL	A12e_020_080_02_10	淳平	/sound/voice/A12e_020_080_02_10_00.ogg	1	extended_novel_semantic_reviewed	false	0.402514	0.563380	medium	020	semantic_anchor_boundary	12	extended_selected	1	novel_semantic	0.500000
a12e.fsb.txt	314	67	NOVEL	A12e_020_110_01_10	淳平	/sound/voice/A12e_020_110_01_10_00.ogg	1	extended_novel_semantic_reviewed	false	0.345620	0.617021	medium	020	semantic_anchor_boundary	12	extended_selected	1	novel_semantic	0.400000
a12e.fsb.txt	822	176	NOVEL	A12e_050_040_01_10	淳平	/sound/voice/A12e_050_040_01_10_00.ogg	1	extended_novel_semantic_reviewed	false	0.557175	0.545455	medium	050	semantic_anchor_boundary	12	extended_selected	1	novel_semantic	0.727273
a12e.fsb.txt	824	177	NOVEL	A12e_050_040_02_10	淳平	/sound/voice/A12e_050_040_02_10_00.ogg	1	extended_novel_semantic	false	0.857516	0.746032	medium	050	semantic_anchor_boundary	12	extended_selected	1	novel_semantic	0.727273
a12e.fsb.txt	931	206	NOVEL	A12e_050_120_01_10	セブン	/sound/voice/A12e_050_120_01_10_00.ogg	1	extended_novel_semantic	false	0.774558	0.862275	high	050	semantic_anchor_boundary	12	extended_selected	1	novel_semantic	0.761905
a12e.fsb.txt	941	210	NOVEL	A12e_050_130_03_20	セブン	/sound/voice/A12e_050_130_03_20_00.ogg	1	extended_novel_semantic	false	0.722785	0.628159	medium	050	semantic_anchor_boundary	12	extended_selected	1	novel_semantic	0.689655
a12e.fsb.txt	947	212	NOVEL	A12e_050_140_02_10	セブン	/sound/voice/A12e_050_140_02_10_00.ogg	1	extended_novel_semantic	false	0.685294	0.707317	medium	050	semantic_anchor_boundary	12	extended_selected	1	novel_semantic	0.714286
a12e.fsb.txt	1058	248	NOVEL	A12e_050_230_03_10	淳平	/sound/voice/A12e_050_230_03_10_00.ogg	1	extended_novel_semantic	false	0.755616	0.780952	medium	050	semantic_anchor_boundary	12	extended_selected	1	novel_semantic	0.600000
a21b.fsb.txt	311	92	四葉	A21b_010_220_03_00	四葉	/sound/voice/A21b_010_220_03_00_00.ogg	1	extended_same_speaker	false	0.098054	0.615385	medium	010	debug_export	12	extended_selected	1	same	0.000000
a21d.fsb.txt	124	33	NOVEL	A21d_010_090_01_20	セブン	/sound/voice/A21d_010_090_01_20_00.ogg	1	extended_novel_semantic	false	0.675662	0.604478	medium	010	debug_export	12	extended_selected	1	novel_semantic	0.740741
a21d.fsb.txt	135	34	NOVEL	A21d_010_100_01_10	セブン	/sound/voice/A21d_010_100_01_10_00.ogg	1	extended_novel_exact	true	1.000000	1.000000	exact	010	debug_export	12	extended_selected	1	novel_semantic	1.000000
a21d.fsb.txt	137	35	NOVEL	A21d_010_100_02_10	セブン	/sound/voice/A21d_010_100_02_10_00.ogg	1	extended_novel_exact	true	1.000000	1.000000	exact	010	debug_export	12	extended_selected	1	novel_semantic	1.000000
a21d.fsb.txt	139	36	NOVEL	A21d_010_100_03_10	セブン	/sound/voice/A21d_010_100_03_10_00.ogg	1	extended_novel_exact	true	1.000000	1.000000	exact	010	debug_export	12	extended_selected	1	novel_semantic	1.000000
a21d.fsb.txt	405	120	NOVEL	A21d_010_310_02_20	セブン	/sound/voice/A21d_010_310_02_20_00.ogg	1	extended_novel_semantic	false	0.807125	0.738095	medium	010	debug_export	12	extended_selected	1	novel_semantic	0.727273
a21d.fsb.txt	408	121	NOVEL	A21d_010_310_03_10	セブン	/sound/voice/A21d_010_310_03_10_00.ogg	1	extended_novel_exact	true	1.000000	1.000000	exact	010	debug_export	12	extended_selected	1	novel_semantic	1.000000
a21d.fsb.txt	411	122	NOVEL	A21d_010_310_04_10	セブン	/sound/voice/A21d_010_310_04_10_00.ogg	1	extended_novel_exact	true	1.000000	1.000000	exact	010	debug_export	12	extended_selected	1	novel_semantic	1.000000
a21d.fsb.txt	476	141	NOVEL	A21d_010_370_01_20	セブン	/sound/voice/A21d_010_370_01_20_00.ogg	1	extended_novel_semantic	false	0.744746	0.656489	medium	010	debug_export	12	extended_selected	1	novel_semantic	0.736842
a21d.fsb.txt	478	142	NOVEL	A21d_010_370_02_10	セブン	/sound/voice/A21d_010_370_02_10_00.ogg	1	extended_novel_exact	true	1.000000	1.000000	exact	010	debug_export	12	extended_selected	1	novel_semantic	1.000000
a21d.fsb.txt	480	143	NOVEL	A21d_010_370_03_10	セブン	/sound/voice/A21d_010_370_03_10_00.ogg	1	extended_novel_exact	true	1.000000	1.000000	exact	010	debug_export	12	extended_selected	1	novel_semantic	1.000000
a21d.fsb.txt	812	254	淳平	A21d_020_010_05_00	淳平	/sound/voice/A21d_020_010_05_00_00.ogg	1	extended_same_speaker	false	0.287968	0.727273	high	020	debug_export	12	extended_selected	1	same	1.000000
a21d.fsb.txt	970	298	NOVEL	A21d_020_120_01_10	淳平	/sound/voice/A21d_020_120_01_10_00.ogg	1	extended_novel_exact	true	1.000000	1.000000	exact	020	debug_export	12	extended_selected	1	novel_semantic	1.000000
a21d.fsb.txt	1289	405	NOVEL	A21d_020_400_01_10	四葉	/sound/voice/A21d_020_400_01_10_00.ogg	1	extended_novel_semantic	false	0.951744	0.989796	high	020	debug_export	12	extended_selected	1	novel_semantic	0.923077
a21d.fsb.txt	1291	406	NOVEL	A21d_020_400_02_10	四葉	/sound/voice/A21d_020_400_02_10_00.ogg	1	extended_novel_exact	true	1.000000	1.000000	exact	020	debug_export	12	extended_selected	1	novel_semantic	1.000000
a21d.fsb.txt	1293	407	NOVEL	A21d_020_400_03_10	四葉	/sound/voice/A21d_020_400_03_10_00.ogg	1	extended_novel_exact	true	1.000000	1.000000	exact	020	debug_export	12	extended_selected	1	novel_semantic	1.000000
a21d.fsb.txt	1339	419	NOVEL	A21d_020_450_02_10	淳平	/sound/voice/A21d_020_450_02_10_00.ogg	1	extended_novel_semantic	false	0.870639	0.904459	high	020	debug_export	12	extended_selected	1	novel_semantic	0.941176
a21e.fsb.txt	109	23	NOVEL	A21e_010_080_03_10	八代	/sound/voice/A21e_010_080_03_10_00.ogg	1	extended_novel_semantic	false	0.312917	0.600000	medium	010	debug_export	12	extended_selected	1	novel_semantic	0.666667
a31d.fsb.txt	101	23	NOVEL	A31d_010_060_02_10	淳平	/sound/voice/A31d_010_060_02_10_00.ogg	1	extended_novel_semantic_reviewed	false	0.579618	0.729730	medium	010	debug_export	12	extended_selected	1	novel_semantic	0.526316
a31d.fsb.txt	642	156	NOVEL	A31d_020_230_04_10	淳平	/sound/voice/A31d_020_230_04_10_00.ogg	1	extended_novel_exact	true	1.000000	1.000000	exact	020	debug_export	12	extended_selected	1	novel_semantic	1.000000
a32d.fsb.txt	55	10	NOVEL	A32d_010_020_03_10	淳平	/sound/voice/A32d_010_020_03_10_00.ogg	1	extended_novel_semantic	false	0.619848	0.727273	medium	010	debug_export	12	extended_selected	1	novel_semantic	0.666667
a32d.fsb.txt	220	51	NOVEL	A32d_010_160_03_10	淳平	/sound/voice/A32d_010_160_03_10_00.ogg	1	extended_novel_semantic	false	0.852317	0.822581	high	010	debug_export	12	extended_selected	1	novel_semantic	0.923077
a32d.fsb.txt	252	59	NOVEL	A32d_010_190_03_30	淳平	/sound/voice/A32d_010_190_03_30_00.ogg	1	extended_novel_semantic	false	0.739792	0.602941	medium	010	debug_export	12	extended_selected	1	novel_semantic	0.642857
a32d.fsb.txt	623	172	淳平	A32d_020_090_02_10	淳平	/sound/voice/A32d_020_090_02_10_00.ogg	1	extended_same_speaker	false	0.315906	0.603175	medium	020	debug_export	12	extended_selected	1	same	0.285714
a41d.fsb.txt	345	88	NOVEL	A41d_010_300_03_30	ニルス２	/sound/voice/A41d_010_300_03_30_00.ogg	1	extended_novel_semantic	false	0.748614	0.752137	medium	010	debug_export	12	extended_selected	1	novel_semantic	0.666667
a41d.fsb.txt	839	236	NOVEL	A41d_010_840_01_20	ニルス２	/sound/voice/A41d_010_840_01_20_00.ogg	1	extended_novel_semantic	false	0.851453	0.835979	high	010	debug_export	12	extended_selected	1	novel_semantic	0.842105
a41d.fsb.txt	1012	287	NOVEL	A41d_010_1000_04_20	淳平	/sound/voice/A41d_010_1000_04_20_00.ogg	1	extended_novel_semantic_reviewed	false	0.279919	0.500000	medium	010	debug_export	12	extended_selected	1	novel_semantic	0.285714
a42d.fsb.txt	106	21	NOVEL	A42d_010_070_01_10	淳平	/sound/voice/A42d_010_070_01_10_00.ogg	1	extended_novel_semantic	false	0.908307	0.818182	high	010	debug_export	12	extended_selected	1	novel_semantic	1.000000
a42d.fsb.txt	210	52	NOVEL	A42d_010_190_02_10	淳平	/sound/voice/A42d_010_190_02_10_00.ogg	1	extended_novel_semantic_reviewed	false	0.429367	0.528000	medium	010	debug_export	12	extended_selected	1	novel_semantic	0.500000
a42d.fsb.txt	214	54	NOVEL	A42d_010_190_04_10	淳平	/sound/voice/A42d_010_190_04_10_00.ogg	1	extended_novel_semantic_reviewed	false	0.367245	0.647059	medium	010	debug_export	12	extended_selected	1	novel_semantic	0.333333
a42d.fsb.txt	740	201	NOVEL	A42d_030_080_02_10	？？？	/sound/voice/A42d_030_080_02_10_00.ogg | /sound/voice/A42d_030_080_02_10_01.ogg	2	extended_novel_exact	true	1.000000	1.000000	exact	030	debug_export	12	extended_selected	1	novel_semantic	1.000000
a42d.fsb.txt	770	208	NOVEL	A42d_030_100_01_10	？？？	/sound/voice/A42d_030_100_01_10_00.ogg	1	extended_novel_exact	true	1.000000	1.000000	exact	030	debug_export	12	extended_selected	1	novel_semantic	1.000000
a42d.fsb.txt	788	211	NOVEL	A42d_030_110_01_10	セブン	/sound/voice/A42d_030_110_01_10_00.ogg	1	extended_novel_semantic	false	0.913302	0.866667	high	030	debug_export	12	extended_selected	1	novel_semantic	1.000000
a42d.fsb.txt	840	224	NOVEL	A42d_030_160_02_10	セブン	/sound/voice/A42d_030_160_02_10_00.ogg	1	extended_novel_exact	true	1.000000	1.000000	exact	030	debug_export	12	extended_selected	1	novel_semantic	1.000000
a42d.fsb.txt	843	225	NOVEL	A42d_030_160_03_10	セブン	/sound/voice/A42d_030_160_03_10_00.ogg	1	extended_novel_exact	true	1.000000	1.000000	exact	030	debug_export	12	extended_selected	1	novel_semantic	1.000000
a42d.fsb.txt	847	226	NOVEL	A42d_030_160_04_10	セブン	/sound/voice/A42d_030_160_04_10_00.ogg	1	extended_novel_exact	true	1.000000	1.000000	exact	030	debug_export	12	extended_selected	1	novel_semantic	1.000000
a42d.fsb.txt	850	227	NOVEL	A42d_030_160_05_10	セブン	/sound/voice/A42d_030_160_05_10_00.ogg	1	extended_novel_semantic	false	0.862505	0.962963	high	030	debug_export	12	extended_selected	1	novel_semantic	1.000000
a42d.fsb.txt	856	228	NOVEL	A42d_030_170_01_10	セブン	/sound/voice/A42d_030_170_01_10_00.ogg	1	extended_novel_semantic	false	0.979333	0.992806	high	030	debug_export	12	extended_selected	1	novel_semantic	1.000000
a42d.fsb.txt	896	236	NOVEL	A42d_040_030_03_10	セブン	/sound/voice/A42d_040_030_03_10_00.ogg	1	extended_novel_semantic	false	0.698742	0.755556	medium	040	debug_export	12	extended_selected	1	novel_semantic	0.666667
a42d.fsb.txt	1119	297	NOVEL	A42d_050_010_01_10	セブン	/sound/voice/A42d_050_010_01_10_00.ogg	1	extended_novel_semantic	false	0.928672	0.985075	high	050	debug_export	12	extended_selected	1	novel_semantic	1.000000
a42d.fsb.txt	1132	300	NOVEL	A42d_050_020_02_10	セブン	/sound/voice/A42d_050_020_02_10_00.ogg	1	extended_novel_semantic	false	0.930162	0.987654	high	050	debug_export	12	extended_selected	1	novel_semantic	1.000000
a42d.fsb.txt	1134	301	NOVEL	A42d_050_020_03_10	学ラン	/sound/voice/A42d_050_020_03_10_00.ogg	1	extended_novel_exact	true	1.000000	1.000000	exact	050	debug_export	12	extended_selected	1	novel_semantic	1.000000
a42d.fsb.txt	1138	302	NOVEL	A42d_050_030_01_10	セブン	/sound/voice/A42d_050_030_01_10_00.ogg	1	extended_novel_exact	true	1.000000	1.000000	exact	050	debug_export	12	extended_selected	1	novel_semantic	1.000000
a42d.fsb.txt	1179	314	NOVEL	A42d_050_070_02_10	警報	/sound/voice/A42d_050_070_02_10_00.ogg	1	extended_novel_semantic	false	0.674595	0.800000	high	050	debug_export	12	extended_selected	1	novel_semantic	1.000000
a42d.fsb.txt	1188	316	NOVEL	A42d_050_080_01_10	学ラン	/sound/voice/A42d_050_080_01_10_00.ogg	1	extended_novel_semantic	false	0.895504	0.982759	high	050	debug_export	12	extended_selected	1	novel_semantic	1.000000
a42d.fsb.txt	1190	317	NOVEL	A42d_050_080_02_10	セブン	/sound/voice/A42d_050_080_02_10_00.ogg	1	extended_novel_exact	true	1.000000	1.000000	exact	050	debug_export	12	extended_selected	1	novel_semantic	1.000000
a42d.fsb.txt	1212	321	NOVEL	A42d_050_100_02_10	セブン	/sound/voice/A42d_050_100_02_10_00.ogg	1	extended_novel_semantic	false	0.729709	0.872727	high	050	debug_export	12	extended_selected	1	novel_semantic	0.714286
a42d.fsb.txt	1333	344	NOVEL	A42d_050_200_01_10	本郷	/sound/voice/A42d_050_200_01_10_00.ogg	1	extended_novel_exact	true	1.000000	1.000000	exact	050	debug_export	12	extended_selected	1	novel_semantic	1.000000
a42d.fsb.txt	1343	347	NOVEL	A42d_050_200_04_10	警報	/sound/voice/A42d_050_200_04_10_00.ogg	1	extended_novel_semantic	false	0.636942	0.782609	medium	050	debug_export	12	extended_selected	1	novel_semantic	1.000000
a42d.fsb.txt	1347	348	NOVEL	A42d_050_210_01_10	学ラン	/sound/voice/A42d_050_210_01_10_00.ogg	1	extended_novel_exact	true	1.000000	1.000000	exact	050	debug_export	12	extended_selected	1	novel_semantic	1.000000
a42d.fsb.txt	1367	351	NOVEL	A42d_060_010_01_10	セブン	/sound/voice/A42d_060_010_01_10_00.ogg	1	extended_novel_semantic	false	0.638111	0.713514	medium	060	debug_export	12	extended_selected	1	novel_semantic	0.636364
a42d.fsb.txt	1548	400	NOVEL	A42d_070_010_01_10	セブン	/sound/voice/A42d_070_010_01_10_00.ogg	1	extended_novel_semantic	false	0.971631	0.977273	high	070	debug_export	12	extended_selected	1	novel_semantic	1.000000
a42d.fsb.txt	1550	401	NOVEL	A42d_070_010_02_10	学ラン	/sound/voice/A42d_070_010_02_10_00.ogg	1	extended_novel_exact	true	1.000000	1.000000	exact	070	debug_export	12	extended_selected	1	novel_semantic	1.000000
a42d.fsb.txt	1920	479	NOVEL	A42d_080_090_01_10	セブン	/sound/voice/A42d_080_090_01_10_00.ogg	1	extended_novel_semantic	false	0.930452	0.893617	high	080	debug_export	12	extended_selected	1	novel_semantic	0.857143
a42d.fsb.txt	1922	480	NOVEL	A42d_080_090_02_10	セブン	/sound/voice/A42d_080_090_02_10_00.ogg	1	extended_novel_exact	true	1.000000	1.000000	exact	080	debug_export	12	extended_selected	1	novel_semantic	1.000000
a42d.fsb.txt	1929	481	NOVEL	A42d_080_090_03_10	セブン	/sound/voice/A42d_080_090_03_10_00.ogg	1	extended_novel_semantic	false	0.518795	0.739496	medium	080	debug_export	12	extended_selected	1	novel_semantic	0.714286
a42d.fsb.txt	1931	482	NOVEL	A42d_080_090_04_10	セブン	/sound/voice/A42d_080_090_04_10_00.ogg	1	extended_novel_semantic	false	0.760757	0.618557	medium	080	debug_export	12	extended_selected	1	novel_semantic	0.666667
a42d.fsb.txt	1937	483	NOVEL	A42d_080_100_01_10	セブン	/sound/voice/A42d_080_100_01_10_00.ogg	1	extended_novel_exact	true	1.000000	1.000000	exact	080	debug_export	12	extended_selected	1	novel_semantic	1.000000
a42d.fsb.txt	1942	484	NOVEL	A42d_080_110_01_10	セブン	/sound/voice/A42d_080_110_01_10_00.ogg	1	extended_novel_semantic	false	0.912218	0.921739	high	080	debug_export	12	extended_selected	1	novel_semantic	0.933333
a42d.fsb.txt	2238	560	NOVEL	A42d_080_350_03_10	ニルス２	/sound/voice/A42d_080_350_03_10_00.ogg	1	extended_novel_exact	true	1.000000	1.000000	exact	080	debug_export	12	extended_selected	1	novel_semantic	1.000000
a42d.fsb.txt	2246	561	NOVEL	A42d_080_350_04_10	ニルス２	/sound/voice/A42d_080_350_04_10_00.ogg	1	extended_novel_exact	true	1.000000	1.000000	exact	080	debug_export	12	extended_selected	1	novel_semantic	1.000000
abad.fsb.txt	369	112	一宮	Abad_030_090_02_00	一宮	/sound/voice/Abad_030_090_02_00_00.ogg	1	extended_same_speaker	false	0.274385	0.640000	medium	030	debug_export	12	extended_selected	1	same	0.000000
abad.fsb.txt	499	147	NOVEL	Abad_040_090_03_10	淳平	/sound/voice/Abad_040_090_03_10_00.ogg	1	extended_novel_semantic	false	0.764303	0.869565	high	040	debug_export	12	extended_selected	1	novel_semantic	1.000000
abad.fsb.txt	559	165	NOVEL	Abad_040_140_04_10	ゼロ	/sound/voice/Abad_040_140_04_10_00.ogg	1	extended_novel_semantic	false	0.966108	0.994083	high	040	debug_export	12	extended_selected	1	novel_semantic	1.000000
abad.fsb.txt	688	201	NOVEL	Abad_040_230_01_10	淳平	/sound/voice/Abad_040_230_01_10_00.ogg	1	extended_novel_exact	true	1.000000	1.000000	exact	040	debug_export	12	extended_selected	1	novel_semantic	1.000000
aed1.fsb.txt	89	13	NOVEL	Aed1_010_070_03_10	淳平	/sound/voice/Aed1_010_070_03_10_00.ogg	1	extended_novel_semantic	false	0.770732	0.863636	high	010	debug_export	12	extended_selected	1	novel_semantic	0.500000
aed1.fsb.txt	388	92	NOVEL	Aed1_020_270_04_10	淳平	/sound/voice/Aed1_020_270_04_10_00.ogg	1	extended_novel_semantic	false	0.510546	0.741935	medium	020	debug_export	12	extended_selected	1	novel_semantic	0.800000
aed1.fsb.txt	631	150	NOVEL	Aed1_030_110_01_10	淳平	/sound/voice/Aed1_030_110_01_10_00.ogg	1	extended_novel_semantic	false	0.609460	0.661417	medium	030	debug_export	12	extended_selected	1	novel_semantic	0.666667
aed1.fsb.txt	671	164	NOVEL	Aed1_030_150_02_20	淳平	/sound/voice/Aed1_030_150_02_20_00.ogg	1	extended_novel_semantic	false	0.846897	0.839744	high	030	debug_export	12	extended_selected	1	novel_semantic	0.857143
aed1.fsb.txt	740	183	NOVEL	Aed1_030_200_04_10	淳平	/sound/voice/Aed1_030_200_04_10_00.ogg	1	extended_novel_exact	true	1.000000	1.000000	exact	030	debug_export	12	extended_selected	1	novel_semantic	1.000000
aed1.fsb.txt	744	184	NOVEL	Aed1_030_210_01_10	淳平	/sound/voice/Aed1_030_210_01_10_00.ogg	1	extended_novel_exact	true	1.000000	1.000000	exact	030	debug_export	12	extended_selected	1	novel_semantic	1.000000
aed1.fsb.txt	746	185	NOVEL	Aed1_030_210_02_10	淳平	/sound/voice/Aed1_030_210_02_10_00.ogg	1	extended_novel_semantic	false	0.857098	0.971963	high	030	debug_export	12	extended_selected	1	novel_semantic	1.000000
aed1.fsb.txt	843	208	NOVEL	Aed1_030_280_01_10	一宮	/sound/voice/Aed1_030_280_01_10_00.ogg	1	extended_novel_semantic	false	0.864847	0.978723	high	030	debug_export	12	extended_selected	1	novel_semantic	1.000000
aed1.fsb.txt	1207	316	NOVEL	Aed1_040_080_02_10	サンタ	/sound/voice/Aed1_040_080_02_10_00.ogg	1	extended_novel_exact	true	1.000000	1.000000	exact	040	debug_export	12	extended_selected	1	novel_semantic	1.000000
aed2.fsb.txt	1927	485	HERO	Aed2_040_100_03_00	主観	/sound/voice/Aed2_040_100_03_00_00.ogg	1	extended_novel_exact	true	1.000000	1.000000	exact	040	debug_export	12	extended_selected	1	novel_semantic	1.000000
b11b.fsb.txt	252	59	NOVEL	B11b_020_050_02_40	淳平	/sound/voice/B11b_020_050_02_40_00.ogg	1	extended_novel_semantic_reviewed	false	0.232286	0.372549	medium	020	debug_export	12	extended_selected	1	novel_semantic	0.400000
b12b.fsb.txt	160	41	NOVEL	B12b_020_050_01_10	淳平	/sound/voice/B12b_020_050_01_10_00.ogg	1	extended_novel_semantic_reviewed	false	0.091837	0.352941	medium	020	debug_export	12	extended_selected	1	novel_semantic	1.000000
b12b.fsb.txt	165	42	NOVEL	B12b_020_050_02_10	淳平	/sound/voice/B12b_020_050_02_10_00.ogg	1	extended_novel_semantic	false	0.360788	0.631579	medium	020	debug_export	12	extended_selected	1	novel_semantic	1.000000
b12b.fsb.txt	170	43	NOVEL	B12b_020_050_03_10	淳平	/sound/voice/B12b_020_050_03_10_00.ogg	1	extended_novel_semantic_reviewed	false	0.210952	0.454545	medium	020	debug_export	12	extended_selected	1	novel_semantic	1.000000
b12d.fsb.txt	73	21	NOVEL	B12d_010_080_03_10	ニルス	/sound/voice/B12d_010_080_03_10_00.ogg	1	extended_novel_exact	true	1.000000	1.000000	exact	010	debug_export	12	extended_selected	1	novel_semantic	1.000000
b12d.fsb.txt	79	22	NOVEL	B12d_010_090_01_10	ニルス	/sound/voice/B12d_010_090_01_10_00.ogg	1	extended_novel_semantic	false	0.707965	0.837945	high	010	debug_export	12	extended_selected	1	novel_semantic	0.740741
b12e.fsb.txt	554	123	NOVEL	B12e_030_210_02_10	セブン	/sound/voice/B12e_030_210_02_10_00.ogg	1	extended_novel_semantic	false	0.816934	0.894410	high	030	debug_export	12	extended_selected	1	novel_semantic	0.941176
b12e.fsb.txt	680	153	紫	B12e_050_010_01_00	紫	/sound/voice/B12e_050_010_01_00_00.ogg	1	extended_same_speaker	false	0.123923	0.510638	medium	050	debug_export	12	extended_selected	1	same	0.000000
b12e.fsb.txt	786	181	NOVEL	B12e_050_100_01_10	セブン	/sound/voice/B12e_050_100_01_10_00.ogg	1	extended_novel_semantic	false	0.766432	0.862275	high	050	debug_export	12	extended_selected	1	novel_semantic	0.761905
b12e.fsb.txt	797	185	NOVEL	B12e_050_120_01_20	セブン	/sound/voice/B12e_050_120_01_20_00.ogg	1	extended_novel_semantic	false	0.726036	0.628159	medium	050	debug_export	12	extended_selected	1	novel_semantic	0.689655
b12e.fsb.txt	803	187	NOVEL	B12e_050_130_02_10	セブン	/sound/voice/B12e_050_130_02_10_00.ogg	1	extended_novel_semantic	false	0.686088	0.707317	medium	050	debug_export	12	extended_selected	1	novel_semantic	0.714286
b12e.fsb.txt	882	211	NOVEL	B12e_050_190_03_10	淳平	/sound/voice/B12e_050_190_03_10_00.ogg	1	extended_novel_semantic	false	0.751610	0.780952	medium	050	debug_export	12	extended_selected	1	novel_semantic	0.600000
b12e.fsb.txt	923	222	セブン	B12e_050_220_04_00	セブン	/sound/voice/B12e_050_220_04_00_00.ogg	1	extended_same_speaker	false	0.265073	0.533333	medium	050	debug_export	12	extended_selected	1	same	0.363636
b21b.fsb.txt	308	91	四葉	B21b_010_210_03_00	四葉	/sound/voice/B21b_010_210_03_00_00.ogg	1	extended_same_speaker	false	0.096244	0.615385	medium	010	debug_export	12	extended_selected	1	same	0.000000
b21d.fsb.txt	659	209	NOVEL	B21d_010_320_05_10	淳平	/sound/voice/B21d_010_320_05_10_00.ogg	1	extended_novel_semantic	false	0.808269	0.854545	high	010	debug_export	12	extended_selected	1	novel_semantic	0.941176
b31d.fsb.txt	233	55	NOVEL	B31d_010_190_01_20	サンタ	/sound/voice/B31d_010_190_01_20_00.ogg	1	extended_novel_semantic	false	0.798408	0.670520	medium	010	debug_export	12	extended_selected	1	novel_semantic	0.777778
b31d.fsb.txt	242	57	NOVEL	B31d_010_200_01_20	サンタ	/sound/voice/B31d_010_200_01_20_00.ogg	1	extended_novel_semantic	false	0.816127	0.744966	medium	010	debug_export	12	extended_selected	1	novel_semantic	0.750000
b31d.fsb.txt	246	58	NOVEL	B31d_010_210_01_10	サンタ	/sound/voice/B31d_010_210_01_10_00.ogg	1	extended_novel_semantic	false	0.801649	0.863636	high	010	debug_export	12	extended_selected	1	novel_semantic	0.666667
b31d.fsb.txt	251	60	NOVEL	B31d_010_210_03_10	サンタ	/sound/voice/B31d_010_210_03_10_00.ogg	1	extended_novel_semantic	false	0.956107	0.956522	high	010	debug_export	12	extended_selected	1	novel_semantic	0.956522
b31d.fsb.txt	255	61	NOVEL	B31d_010_220_01_10 | B31d_010_220_01_20	サンタ	/sound/voice/B31d_010_220_01_10_00.ogg | /sound/voice/B31d_010_220_01_20_00.ogg	2	extended_group_semantic	false	0.624696	0.790323	high	010	debug_export	12	extended_selected	2	novel_semantic	0.850000
b31d.fsb.txt	257	62	NOVEL	B31d_010_220_02_10	サンタ	/sound/voice/B31d_010_220_02_10_00.ogg	1	extended_novel_exact	true	1.000000	1.000000	exact	010	debug_export	12	extended_selected	1	novel_semantic	1.000000
b32d.fsb.txt	234	56	NOVEL	B32d_010_170_01_20	サンタ	/sound/voice/B32d_010_170_01_20_00.ogg	1	extended_novel_semantic	false	0.685443	0.640316	medium	010	debug_export	12	extended_selected	1	novel_semantic	0.714286
b32d.fsb.txt	240	58	NOVEL	B32d_010_180_01_10	サンタ	/sound/voice/B32d_010_180_01_10_00.ogg	1	extended_novel_semantic	false	0.766373	0.640884	medium	010	debug_export	12	extended_selected	1	novel_semantic	0.777778
b32d.fsb.txt	242	59	NOVEL	B32d_010_180_02_10 | B32d_010_180_02_20	サンタ	/sound/voice/B32d_010_180_02_10_00.ogg | /sound/voice/B32d_010_180_02_20_00.ogg	2	extended_group_semantic	false	0.756684	0.865285	high	010	debug_export	12	extended_selected	2	novel_semantic	0.918919
b32d.fsb.txt	679	161	NOVEL	B32d_020_090_01_10	淳平	/sound/voice/B32d_020_090_01_10_00.ogg	1	extended_novel_semantic	false	0.732342	0.800000	high	020	debug_export	12	extended_selected	1	novel_semantic	1.000000
bed1.fsb.txt	338	79	NOVEL	Bed1_020_170_02_10 | Bed1_020_170_02_20	淳平	/sound/voice/Bed1_020_170_02_10_00.ogg | /sound/voice/Bed1_020_170_02_20_00.ogg	2	extended_group_semantic	false	0.530908	0.979866	exact	020	debug_export	12	extended_selected	2	novel_semantic	1.000000
bed1.fsb.txt	574	147	NOVEL	Bed1_030_170_03_10	淳平	/sound/voice/Bed1_030_170_03_10_00.ogg	1	extended_novel_semantic	false	0.829766	0.666667	medium	030	exact_anchor_before_debug	12	extended_selected	1	novel_semantic	1.000000
bed2.fsb.txt	285	79	NOVEL	Bed2_020_070_04_10	淳平	/sound/voice/Bed2_020_070_04_10_00.ogg	1	extended_novel_semantic_reviewed	false	0.418916	0.087838	medium	020	debug_export	12	extended_selected	1	novel_semantic	0.363636
bed2.fsb.txt	297	83	NOVEL	Bed2_020_080_04_10	淳平	/sound/voice/Bed2_020_080_04_10_00.ogg	1	extended_novel_semantic	false	0.631580	0.625000	medium	020	debug_export	12	extended_selected	1	novel_semantic	1.000000
bed2.fsb.txt	337	88	NOVEL	Bed2_020_110_01_10	淳平	/sound/voice/Bed2_020_110_01_10_00.ogg	1	extended_novel_exact	true	1.000000	1.000000	exact	020	debug_export	12	extended_selected	1	novel_semantic	1.000000
bed2.fsb.txt	502	121	NOVEL	Bed2_040_040_02_10	淳平	/sound/voice/Bed2_040_040_02_10_00.ogg	1	extended_novel_semantic	false	0.721276	0.892857	high	040	debug_export	12	extended_selected	1	novel_semantic	0.500000
bed2.fsb.txt	647	162	NOVEL	Bed2_050_050_04_10	セブン	/sound/voice/Bed2_050_050_04_10_00.ogg | /sound/voice/Bed2_050_050_04_10_01.ogg	2	extended_novel_semantic	false	0.953400	0.984000	high	050	debug_export	12	extended_selected	1	novel_semantic	1.000000
bed2.fsb.txt	818	211	NOVEL	Bed2_060_010_01_10	淳平	/sound/voice/Bed2_060_010_01_10_00.ogg	1	extended_novel_semantic_reviewed	false	0.293245	0.615385	medium	060	debug_export	12	extended_selected	1	novel_semantic	0.444444
bed2.fsb.txt	834	216	NOVEL	Bed2_060_020_02_10	淳平	/sound/voice/Bed2_060_020_02_10_00.ogg	1	extended_novel_semantic_reviewed	false	0.581927	0.295455	medium	060	debug_export	12	extended_selected	1	novel_semantic	0.727273
bed2.fsb.txt	907	232	NOVEL	Bed2_060_060_02_10	淳平	/sound/voice/Bed2_060_060_02_10_00.ogg	1	extended_novel_semantic	false	0.763171	0.775000	medium	060	debug_export	12	extended_selected	1	novel_semantic	0.857143
bed2.fsb.txt	1100	284	NOVEL	Bed2_070_110_01_10	淳平	/sound/voice/Bed2_070_110_01_10_00.ogg	1	extended_novel_semantic_reviewed	false	0.395061	0.568306	medium	070	debug_export	12	extended_selected	1	novel_semantic	0.444444
bed2.fsb.txt	1110	286	NOVEL	Bed2_070_120_01_10	淳平	/sound/voice/Bed2_070_120_01_10_00.ogg	1	extended_novel_semantic	false	0.893971	0.958678	high	070	debug_export	12	extended_selected	1	novel_semantic	0.888889
bed2.fsb.txt	1121	289	NOVEL	Bed2_070_130_02_10	淳平	/sound/voice/Bed2_070_130_02_10_00.ogg	1	extended_novel_semantic	false	0.944914	0.970414	high	070	debug_export	12	extended_selected	1	novel_semantic	0.909091
bed2.fsb.txt	1127	291	NOVEL	Bed2_070_140_02_10	淳平	/sound/voice/Bed2_070_140_02_10_00.ogg	1	extended_novel_semantic	false	0.701821	0.843243	high	070	debug_export	12	extended_selected	1	novel_semantic	0.777778
bed2.fsb.txt	1135	294	NOVEL	Bed2_070_150_01_10	淳平	/sound/voice/Bed2_070_150_01_10_00.ogg	1	extended_novel_semantic_reviewed	false	0.661353	0.588235	medium	070	debug_export	12	extended_selected	1	novel_semantic	1.000000
bed2.fsb.txt	1187	311	NOVEL	Bed2_070_180_02_10	淳平	/sound/voice/Bed2_070_180_02_10_00.ogg	1	extended_novel_semantic_reviewed	false	0.554047	0.526316	medium	070	debug_export	12	extended_selected	1	novel_semantic	1.000000
bed2.fsb.txt	1598	411	NOVEL	Bed2_080_010_01_10	淳平	/sound/voice/Bed2_080_010_01_10_00.ogg	1	extended_novel_exact	true	0.000000	1.000000	exact	080	debug_export	12	extended_selected	1	novel_semantic	0.000000
bed3.fsb.txt	290	74	NOVEL	Bed3_020_080_07_10	淳平	/sound/voice/Bed3_020_080_07_10_00.ogg	1	extended_novel_exact	true	1.000000	1.000000	exact	020	debug_export	12	extended_selected	1	novel_semantic	1.000000
bed3.fsb.txt	877	279	NOVEL	Bed3_050_010_01_10	一宮	/sound/voice/Bed3_050_010_01_10_00.ogg	1	extended_novel_semantic	false	0.981824	0.957447	high	050	debug_export	12	extended_selected	1	novel_semantic	0.888889
bed3.fsb.txt	1371	415	NOVEL	Bed3_070_070_02_10	淳平	/sound/voice/Bed3_070_070_02_10_00.ogg	1	extended_novel_semantic_reviewed	false	0.617424	0.733333	medium	070	debug_export	12	extended_selected	1	novel_semantic	0.444444
bed4.fsb.txt	1071	259	NOVEL	Bed4_050_040_01_10	セブン	/sound/voice/Bed4_050_040_01_10_00.ogg	1	extended_novel_semantic	false	0.876338	0.902439	high	050	debug_export	12	extended_selected	1	novel_semantic	0.909091
bed4.fsb.txt	2888	689	一宮	Bed4_100_550_11_00	一宮	/sound/voice/Bed4_100_550_11_00_00.ogg	1	extended_same_speaker	false	0.129951	0.470588	medium	100	debug_export	12	extended_selected	1	same	0.000000
bed4.fsb.txt	3195	747	NOVEL	Bed4_130_040_03_10	淳平	/sound/voice/Bed4_130_040_03_10_00.ogg	1	extended_novel_semantic	false	0.739768	0.896552	high	130	debug_export	12	extended_selected	1	novel_semantic	0.666667
c21b.fsb.txt	94	22	NOVEL	C21b_010_040_03_10	淳平	/sound/voice/C21b_010_040_03_10_00.ogg	1	extended_novel_semantic	false	0.928451	0.977778	high	010	debug_export	12	extended_selected	1	novel_semantic	1.000000
c21b.fsb.txt	110	27	セブン	C21b_010_050_04_00	セブン	/sound/voice/C21b_010_050_04_00_00.ogg	1	extended_same_speaker	false	0.122066	0.600000	medium	010	debug_export	12	extended_selected	1	same	0.000000
c21e.fsb.txt	308	71	NOVEL	C21e_040_030_02_10	淳平	/sound/voice/C21e_040_030_02_10_00.ogg	1	extended_novel_semantic	false	0.524977	0.630435	medium	040	debug_export	12	extended_selected	1	novel_semantic	0.600000
c31d.fsb.txt	391	110	NOVEL	C31d_030_010_04_10	セブン	/sound/voice/C31d_030_010_04_10_00.ogg	1	extended_novel_exact	true	1.000000	1.000000	exact	030	debug_export	12	extended_selected	1	novel_semantic	1.000000
c31d.fsb.txt	465	128	NOVEL	C31d_040_010_03_10	？？？	/sound/voice/C31d_040_010_03_10_00.ogg	1	extended_novel_exact	true	1.000000	1.000000	exact	040	debug_export	12	extended_selected	1	novel_semantic	1.000000
c31d.fsb.txt	469	129	NOVEL	C31d_040_011_01_10	セブン	/sound/voice/C31d_040_011_01_10_00.ogg	1	extended_novel_semantic	false	0.790711	0.845638	high	040	debug_export	12	extended_selected	1	novel_semantic	0.750000
c32d.fsb.txt	405	121	NOVEL	C32d_020_040_02_10	セブン	/sound/voice/C32d_020_040_02_10_00.ogg	1	extended_novel_exact	true	1.000000	1.000000	exact	020	debug_export	12	extended_selected	1	novel_semantic	1.000000
c32d.fsb.txt	411	122	NOVEL	C32d_020_050_01_10	セブン	/sound/voice/C32d_020_050_01_10_00.ogg	1	extended_novel_exact	true	1.000000	1.000000	exact	020	debug_export	12	extended_selected	1	novel_semantic	1.000000
c32d.fsb.txt	413	123	NOVEL	C32d_020_050_02_10	セブン	/sound/voice/C32d_020_050_02_10_00.ogg	1	extended_novel_exact	true	1.000000	1.000000	exact	020	debug_export	12	extended_selected	1	novel_semantic	1.000000
c32d.fsb.txt	427	126	NOVEL	C32d_020_061_01_10	淳平	/sound/voice/C32d_020_061_01_10_00.ogg	1	extended_novel_semantic	false	0.999768	0.648649	medium	020	debug_export	12	extended_selected	1	novel_semantic	1.000000
ced1.fsb.txt	13	0	NOVEL	Ced1_010_010_01_10	淳平	/sound/voice/Ced1_010_010_01_10_00.ogg	1	extended_novel_semantic_reviewed	false	0.490064	0.634146	medium	010	debug_export	12	extended_selected	1	novel_semantic	0.444444
ced1.fsb.txt	377	79	NOVEL	Ced1_020_060_03_10	淳平	/sound/voice/Ced1_020_060_03_10_00.ogg	1	extended_novel_semantic	false	0.930080	0.981132	high	020	debug_export	12	extended_selected	1	novel_semantic	0.800000
ced1.fsb.txt	383	81	NOVEL	Ced1_020_060_05_10	淳平	/sound/voice/Ced1_020_060_05_10_00.ogg	1	extended_novel_semantic	false	0.781200	0.912281	high	020	debug_export	12	extended_selected	1	novel_semantic	0.666667
m10a.fsb.txt	160	37	NOVEL	M10a_050_100_02_10	桃色髪	/sound/voice/M10a_050_100_02_10_00.ogg	1	extended_novel_exact	true	1.000000	1.000000	exact	050	debug_export	12	extended_selected	1	novel_semantic	1.000000
m10a.fsb.txt	191	44	NOVEL	M10a_050_130_03_10	淳平	/sound/voice/M10a_050_130_03_10_00.ogg	1	extended_novel_exact	true	1.000000	1.000000	exact	050	debug_export	12	extended_selected	1	novel_semantic	1.000000
m10a.fsb.txt	1032	263	NOVEL	M10a_080_070_02_10	淳平	/sound/voice/M10a_080_070_02_10_00.ogg	1	extended_novel_semantic_reviewed	false	0.547090	0.736842	medium	080	debug_export	12	extended_selected	1	novel_semantic	0.500000
m10a.fsb.txt	1157	299	NOVEL	M10a_080_150_03_20	淳平	/sound/voice/M10a_080_150_03_20_00.ogg	1	extended_novel_exact	true	1.000000	1.000000	exact	080	debug_export	12	extended_selected	1	novel_semantic	1.000000
m10a.fsb.txt	1334	341	NOVEL	M10a_090_040_03_10	淳平	/sound/voice/M10a_090_040_03_10_00.ogg	1	extended_novel_exact	true	1.000000	1.000000	exact	090	debug_export	12	extended_selected	1	novel_semantic	1.000000
m10a.fsb.txt	1510	368	NOVEL	M10a_100_030_02_10	紫	/sound/voice/M10a_100_030_02_10_00.ogg	1	extended_novel_semantic	false	0.989504	0.976744	high	100	debug_export	12	extended_selected	1	novel_semantic	1.000000
m10a.fsb.txt	1632	397	NOVEL	M10a_100_080_02_10	淳平	/sound/voice/M10a_100_080_02_10_00.ogg	1	extended_novel_semantic	false	0.694448	0.787234	medium	100	debug_export	12	extended_selected	1	novel_semantic	0.666667
m10a.fsb.txt	2059	522	NOVEL	M10a_110_120_03_10	淳平	/sound/voice/M10a_110_120_03_10_00.ogg	1	extended_novel_semantic	false	0.892112	0.923077	high	110	debug_export	12	extended_selected	1	novel_semantic	1.000000
m10a.fsb.txt	2268	589	NOVEL	M10a_110_250_03_20	ゼロ	/sound/voice/M10a_110_250_03_20_00.ogg	1	extended_novel_semantic	false	0.694506	0.705202	medium	110	debug_export	12	extended_selected	1	novel_semantic	0.705882
m10a.fsb.txt	2271	590	NOVEL	M10a_110_250_04_10	ゼロ	/sound/voice/M10a_110_250_04_10_00.ogg	1	extended_novel_semantic	false	0.958802	0.974359	high	110	debug_export	12	extended_selected	1	novel_semantic	0.900000
m10a.fsb.txt	2273	591	NOVEL	M10a_110_250_05_10	ゼロ	/sound/voice/M10a_110_250_05_10_00.ogg	1	extended_novel_exact	true	1.000000	1.000000	exact	110	debug_export	12	extended_selected	1	novel_semantic	1.000000
m10a.fsb.txt	2276	592	NOVEL	M10a_110_250_06_10	ゼロ	/sound/voice/M10a_110_250_06_10_00.ogg	1	extended_novel_exact	true	1.000000	1.000000	exact	110	debug_export	12	extended_selected	1	novel_semantic	1.000000
m10a.fsb.txt	2278	593	NOVEL	M10a_110_250_07_10	ゼロ	/sound/voice/M10a_110_250_07_10_00.ogg	1	extended_novel_exact	true	1.000000	1.000000	exact	110	debug_export	12	extended_selected	1	novel_semantic	1.000000
m10a.fsb.txt	2280	594	NOVEL	M10a_110_250_08_10	ゼロ	/sound/voice/M10a_110_250_08_10_00.ogg	1	extended_novel_exact	true	1.000000	1.000000	exact	110	debug_export	12	extended_selected	1	novel_semantic	1.000000
m10a.fsb.txt	2286	595	NOVEL	M10a_110_260_01_10	ゼロ	/sound/voice/M10a_110_260_01_10_00.ogg	1	extended_novel_exact	true	1.000000	1.000000	exact	110	debug_export	12	extended_selected	1	novel_semantic	1.000000
m10a.fsb.txt	2288	596	NOVEL	M10a_110_260_02_10	ゼロ	/sound/voice/M10a_110_260_02_10_00.ogg	1	extended_novel_exact	true	1.000000	1.000000	exact	110	debug_export	12	extended_selected	1	novel_semantic	1.000000
m10a.fsb.txt	2291	597	NOVEL	M10a_110_260_03_10	ゼロ	/sound/voice/M10a_110_260_03_10_00.ogg	1	extended_novel_exact	true	1.000000	1.000000	exact	110	debug_export	12	extended_selected	1	novel_semantic	1.000000
m10a.fsb.txt	2297	598	NOVEL	M10a_110_270_01_10	ゼロ	/sound/voice/M10a_110_270_01_10_00.ogg	1	extended_novel_exact	true	1.000000	1.000000	exact	110	debug_export	12	extended_selected	1	novel_semantic	1.000000
m10a.fsb.txt	2299	599	NOVEL	M10a_110_270_02_10	ゼロ	/sound/voice/M10a_110_270_02_10_00.ogg	1	extended_novel_exact	true	1.000000	1.000000	exact	110	debug_export	12	extended_selected	1	novel_semantic	1.000000
m10a.fsb.txt	2318	604	NOVEL	M10a_110_290_01_10	ゼロ	/sound/voice/M10a_110_290_01_10_00.ogg	1	extended_novel_exact	true	1.000000	1.000000	exact	110	debug_export	12	extended_selected	1	novel_semantic	1.000000
m10a.fsb.txt	2320	605	NOVEL	M10a_110_290_02_10	ゼロ	/sound/voice/M10a_110_290_02_10_00.ogg	1	extended_novel_exact	true	1.000000	1.000000	exact	110	debug_export	12	extended_selected	1	novel_semantic	1.000000
m10a.fsb.txt	2328	607	NOVEL	M10a_110_300_02_10	ゼロ	/sound/voice/M10a_110_300_02_10_00.ogg	1	extended_novel_exact	true	1.000000	1.000000	exact	110	debug_export	12	extended_selected	1	novel_semantic	1.000000
m10a.fsb.txt	2333	608	NOVEL	M10a_110_300_03_10	ゼロ	/sound/voice/M10a_110_300_03_10_00.ogg	1	extended_novel_semantic	false	0.991068	0.980392	high	110	debug_export	12	extended_selected	1	novel_semantic	1.000000
m10a.fsb.txt	2335	609	NOVEL	M10a_110_300_04_10	ゼロ	/sound/voice/M10a_110_300_04_10_00.ogg	1	extended_novel_exact	true	1.000000	1.000000	exact	110	debug_export	12	extended_selected	1	novel_semantic	1.000000
m10a.fsb.txt	2337	610	NOVEL	M10a_110_300_05_10	ゼロ	/sound/voice/M10a_110_300_05_10_00.ogg	1	extended_novel_exact	true	1.000000	1.000000	exact	110	debug_export	12	extended_selected	1	novel_semantic	1.000000
m10a.fsb.txt	2339	611	NOVEL	M10a_110_300_06_10	ゼロ	/sound/voice/M10a_110_300_06_10_00.ogg	1	extended_novel_exact	true	1.000000	1.000000	exact	110	debug_export	12	extended_selected	1	novel_semantic	1.000000
m10a.fsb.txt	2342	612	NOVEL	M10a_110_300_07_10	ゼロ	/sound/voice/M10a_110_300_07_10_00.ogg	1	extended_novel_exact	true	1.000000	1.000000	exact	110	debug_export	12	extended_selected	1	novel_semantic	1.000000
m10a.fsb.txt	2345	613	NOVEL	M10a_110_300_08_10	ゼロ	/sound/voice/M10a_110_300_08_10_00.ogg	1	extended_novel_exact	true	1.000000	1.000000	exact	110	debug_export	12	extended_selected	1	novel_semantic	1.000000
m10a.fsb.txt	2347	614	NOVEL	M10a_110_300_09_10	ゼロ	/sound/voice/M10a_110_300_09_10_00.ogg	1	extended_novel_exact	true	1.000000	1.000000	exact	110	debug_export	12	extended_selected	1	novel_semantic	1.000000
m10a.fsb.txt	2387	621	NOVEL	M10a_120_020_01_10	淳平	/sound/voice/M10a_120_020_01_10_00.ogg	1	extended_novel_semantic	false	0.878338	0.929412	high	120	debug_export	12	extended_selected	1	novel_semantic	0.818182
m10a.fsb.txt	2459	645	NOVEL	M10a_120_080_01_10 | M10a_120_080_02_10	淳平	/sound/voice/M10a_120_080_01_10_00.ogg | /sound/voice/M10a_120_080_02_10_00.ogg	2	extended_group_semantic	false	0.006970	0.710526	medium	120	debug_export	12	extended_selected	2	novel_semantic	0.666667
m10a.fsb.txt	2464	647	NOVEL	M10a_120_080_04_10	淳平	/sound/voice/M10a_120_080_04_10_00.ogg	1	extended_novel_semantic	false	0.806681	0.913043	high	120	debug_export	12	extended_selected	1	novel_semantic	0.888889
m10a.fsb.txt	2466	648	NOVEL	M10a_120_080_05_10	淳平	/sound/voice/M10a_120_080_05_10_00.ogg	1	extended_novel_semantic	false	0.810716	0.830508	high	120	debug_export	12	extended_selected	1	novel_semantic	0.875000
m10a.fsb.txt	2500	657	NOVEL	M10a_120_090_07_10	淳平	/sound/voice/M10a_120_090_07_10_00.ogg	1	extended_novel_semantic_reviewed	false	0.376726	0.553672	medium	120	debug_export	12	extended_selected	1	novel_semantic	0.444444
m10a.fsb.txt	2890	773	HERO	M10a_130_110_03_10	淳平	/sound/voice/M10a_130_110_03_10_00.ogg	1	extended_novel_semantic	false	0.908886	0.928571	high	130	debug_export	12	extended_selected	1	novel_semantic	1.000000
m10a.fsb.txt	2995	800	NOVEL	M10a_130_172_03_10	淳平	/sound/voice/M10a_130_172_03_10_00.ogg	1	extended_novel_semantic	false	0.742502	0.823944	high	130	debug_export	12	extended_selected	1	novel_semantic	0.625000
m20a.fsb.txt	315	73	NOVEL	M20a_020_010_02_10	淳平	/sound/voice/M20a_020_010_02_10_00.ogg	1	extended_novel_semantic_reviewed	false	0.394416	0.313253	medium	020	debug_export	12	extended_selected	1	novel_semantic	0.400000
m20a.fsb.txt	426	101	NOVEL	M20a_030_010_02_10	淳平	/sound/voice/M20a_030_010_02_10_00.ogg	1	extended_novel_semantic	false	0.586230	0.826087	high	030	debug_export	12	extended_selected	1	novel_semantic	0.857143
m20a.fsb.txt	459	111	NOVEL	M20a_030_030_07_10	淳平	/sound/voice/M20a_030_030_07_10_00.ogg	1	extended_novel_semantic	false	0.582816	0.815789	high	030	debug_export	12	extended_selected	1	novel_semantic	0.571429
m20a.fsb.txt	810	217	NOVEL	M20a_040_010_02_10	淳平	/sound/voice/M20a_040_010_02_10_00.ogg	1	extended_novel_semantic	false	0.555641	0.838710	high	040	debug_export	12	extended_selected	1	novel_semantic	0.666667
m20a.fsb.txt	1431	410	淳平	M20a_060_080_02_00	淳平	/sound/voice/M20a_060_080_02_00_00.ogg	1	extended_same_speaker	false	0.169477	0.727273	high	060	debug_export	12	extended_selected	1	same	1.000000
m30a.fsb.txt	143	30	NOVEL	M30a_010_080_01_10	淳平	/sound/voice/M30a_010_080_01_10_00.ogg	1	extended_novel_semantic	false	0.804012	0.867257	high	010	debug_export	12	extended_selected	1	novel_semantic	0.909091
m30a.fsb.txt	148	31	NOVEL	M30a_010_080_02_10	淳平	/sound/voice/M30a_010_080_02_10_00.ogg	1	extended_novel_semantic	false	0.830932	0.862745	high	010	debug_export	12	extended_selected	1	novel_semantic	0.909091
m30a.fsb.txt	153	32	NOVEL	M30a_010_080_03_10	淳平	/sound/voice/M30a_010_080_03_10_00.ogg	1	extended_novel_semantic	false	0.530302	0.659341	medium	010	debug_export	12	extended_selected	1	novel_semantic	0.615385
m30a.fsb.txt	215	45	NOVEL	M30a_010_130_01_10	淳平	/sound/voice/M30a_010_130_01_10_00.ogg	1	extended_novel_semantic	false	0.804012	0.867257	high	010	debug_export	12	extended_selected	1	novel_semantic	0.909091
m30a.fsb.txt	220	46	NOVEL	M30a_010_130_02_10	淳平	/sound/voice/M30a_010_130_02_10_00.ogg	1	extended_novel_semantic	false	0.519293	0.695652	medium	010	debug_export	12	extended_selected	1	novel_semantic	0.615385
m30a.fsb.txt	360	76	NOVEL	M30a_010_220_01_10	淳平	/sound/voice/M30a_010_220_01_10_00.ogg	1	extended_novel_semantic	false	0.729039	0.788462	medium	010	debug_export	12	extended_selected	1	novel_semantic	0.800000
m30a.fsb.txt	722	160	NOVEL	M30a_040_040_02_10	サンタ	/sound/voice/M30a_040_040_02_10_00.ogg	1	extended_novel_semantic	false	0.628734	0.878049	high	040	debug_export	12	extended_selected	1	novel_semantic	1.000000
m30a.fsb.txt	777	172	NOVEL	M30a_040_080_01_10	淳平	/sound/voice/M30a_040_080_01_10_00.ogg	1	extended_novel_semantic	false	0.919120	0.904762	high	040	debug_export	12	extended_selected	1	novel_semantic	1.000000
m30a.fsb.txt	880	195	NOVEL	M30a_050_020_02_10	紫	/sound/voice/M30a_050_020_02_10_00.ogg	1	extended_novel_semantic	false	0.676663	0.723077	medium	050	debug_export	12	extended_selected	1	novel_semantic	0.750000
m30a.fsb.txt	1023	232	NOVEL	M30a_050_100_02_10	淳平	/sound/voice/M30a_050_100_02_10_00.ogg	1	extended_novel_exact	true	1.000000	1.000000	exact	050	debug_export	12	extended_selected	1	novel_semantic	1.000000
m30a.fsb.txt	1233	307	NOVEL	M30a_050_260_01_10	淳平	/sound/voice/M30a_050_260_01_10_00.ogg	1	extended_novel_semantic_reviewed	false	0.408714	0.542553	medium	050	debug_export	12	extended_selected	1	novel_semantic	0.416667
m30a.fsb.txt	1477	370	NOVEL	M30a_060_090_01_10	淳平	/sound/voice/M30a_060_090_01_10_00.ogg	1	extended_novel_semantic_reviewed	false	0.214911	0.642857	medium	060	debug_export	12	extended_selected	1	novel_semantic	0.500000
m30a.fsb.txt	1526	384	淳平	M30a_060_120_02_10	淳平	/sound/voice/M30a_060_120_02_10_00.ogg	1	extended_same_speaker	false	0.256823	0.376812	medium	060	debug_export	12	extended_selected	1	same	0.545455
m30a.fsb.txt	1691	426	NOVEL	M30a_080_010_03_10	淳平	/sound/voice/M30a_080_010_03_10_00.ogg	1	extended_novel_semantic_reviewed	false	0.408639	0.526316	medium	080	debug_export	12	extended_selected	1	novel_semantic	1.000000
m30a.fsb.txt	2156	545	NOVEL	M30a_110_080_01_10	淳平	/sound/voice/M30a_110_080_01_10_00.ogg	1	extended_novel_semantic	false	0.830256	0.734694	medium	110	debug_export	12	extended_selected	1	novel_semantic	0.727273
m30a.fsb.txt	2714	692	NOVEL	M30a_100_160_02_10	ゼロ	/sound/voice/M30a_100_160_02_10_00.ogg	1	extended_novel_semantic	false	0.904165	0.983333	high	100	debug_export	12	extended_selected	1	novel_semantic	1.000000
m30a.fsb.txt	2716	693	NOVEL	M30a_100_160_03_10	ゼロ	/sound/voice/M30a_100_160_03_10_00.ogg	1	extended_novel_semantic	false	0.848842	0.974790	high	100	debug_export	12	extended_selected	1	novel_semantic	1.000000
m40a.fsb.txt	54	9	NOVEL	M40a_010_030_03_10	淳平	/sound/voice/M40a_010_030_03_10_00.ogg	1	extended_novel_semantic_reviewed	false	0.521581	0.397849	medium	010	debug_export	12	extended_selected	1	novel_semantic	0.533333
m40a.fsb.txt	266	67	NOVEL	M40a_010_140_03_20	淳平	/sound/voice/M40a_010_140_03_20_00.ogg	1	extended_novel_semantic_reviewed	false	0.296644	0.444444	medium	010	debug_export	12	extended_selected	1	novel_semantic	0.363636
m40a.fsb.txt	279	71	NOVEL	M40a_010_160_01_10	淳平	/sound/voice/M40a_010_160_01_10_00.ogg	1	extended_novel_semantic	false	0.479508	0.758621	medium	010	debug_export	12	extended_selected	1	novel_semantic	0.666667
m40a.fsb.txt	523	128	NOVEL	M40a_030_040_03_10	セブン	/sound/voice/M40a_030_040_03_10_00.ogg	1	extended_novel_semantic	false	0.818784	0.795699	medium	030	debug_export	12	extended_selected	1	novel_semantic	0.736842
m40a.fsb.txt	749	198	NOVEL	M40a_040_050_03_10	淳平	/sound/voice/M40a_040_050_03_10_00.ogg	1	extended_novel_semantic	false	0.680890	0.717949	medium	040	debug_export	12	extended_selected	1	novel_semantic	0.800000
m40a.fsb.txt	1201	319	淳平	M40a_060_100_04_00	淳平	/sound/voice/M40a_060_100_04_00_00.ogg	1	extended_same_speaker	false	0.066590	0.615385	medium	060	debug_export	12	extended_selected	1	same	0.000000
m40a.fsb.txt	2684	706	NOVEL	M40a_100_080_02_20	淳平	/sound/voice/M40a_100_080_02_20_00.ogg	1	extended_novel_semantic	false	0.855251	0.937500	high	100	debug_export	12	extended_selected	1	novel_semantic	0.857143
m40a.fsb.txt	2722	717	NOVEL	M40a_100_110_02_10	淳平	/sound/voice/M40a_100_110_02_10_00.ogg	1	extended_novel_semantic	false	0.889261	0.935673	high	100	debug_export	12	extended_selected	1	novel_semantic	0.875000
m40a.fsb.txt	2748	723	NOVEL	M40a_100_130_01_10	淳平	/sound/voice/M40a_100_130_01_10_00.ogg | /sound/voice/M40a_100_130_01_10_01.ogg	2	extended_novel_semantic	false	0.978537	0.957746	high	100	debug_export	12	extended_selected	1	novel_semantic	1.000000
m40a.fsb.txt	2757	724	NOVEL	M40a_100_130_02_10	淳平	/sound/voice/M40a_100_130_02_10_00.ogg	1	extended_novel_exact	true	1.000000	1.000000	exact	100	debug_export	12	extended_selected	1	novel_semantic	1.000000
m40a.fsb.txt	2796	732	NOVEL	M40a_100_140_03_10	淳平	/sound/voice/M40a_100_140_03_10_00.ogg	1	extended_novel_exact	true	1.000000	1.000000	exact	100	debug_export	12	extended_selected	1	novel_semantic	1.000000
m40a.fsb.txt	3231	839	NOVEL	M40a_110_190_05_10	四葉	/sound/voice/M40a_110_190_05_10_00.ogg	1	extended_novel_semantic	false	0.663496	0.666667	medium	110	debug_export	12	extended_selected	1	novel_semantic	0.666667
m40a.fsb.txt	3642	926	ニルス２	M40a_110_370_08_00	ニルス２	/sound/voice/M40a_110_370_08_00_00.ogg	1	extended_same_speaker	false	0.102739	0.387097	medium	110	debug_export	12	extended_selected	1	same	0.500000
