pc_message_id	confidence	decision
A01b_010_260_05_00	review	accept
A01b_010_280_05_00	medium	accept
A01b_020_020_02_10	review	accept
A01e_010_070_04_00	medium	accept
A01e_050_080_99_16	medium	accept
A01e_050_080_99_19	medium	accept
A11b_010_050_03_00	review	accept
A11b_010_100_02_10	review	accept
A11b_040_050_02_10	review	accept
A11b_040_060_01_00	medium	accept
A11b_040_110_04_10	medium	reject
A11b_040_200_04_10	review	reject
A11d_010_030_02_10	medium	reject
A11d_010_180_03_10	review	reject
A11d_010_190_05_00	medium	accept
A11d_010_200_01_00	medium	accept
A11d_010_300_02_10	medium	reject
A11d_010_321_04_10	medium	reject
A11d_020_010_04_00	medium	accept
A11d_030_030_03_10	review	reject
A11d_030_210_04_00	medium	reject
A11d_030_300_99_20	review	accept
A11d_030_300_99_21	medium	accept
A11d_040_040_06_00	medium	accept
A11d_040_120_01_00	medium	accept
A11d_040_120_04_00	review	accept
A11d_040_150_06_00	review	accept
A11d_040_170_07_00	review	accept
A11d_040_200_01_00	medium	accept
A11d_040_200_04_00	review	accept
A11d_040_390_01_00	medium	accept
A12d_010_190_03_10	medium	reject
A12d_010_220_02_10	medium	reject
A12d_010_220_04_10	medium	reject
A12d_030_070_02_00	review	accept
A12d_030_120_03_00	medium	accept
A12d_030_200_03_00	review	accept
A12d_040_090_01_00	review	accept
A12e_020_120_01_00	medium	accept
A12e_030_040_05_10	review	accept
A12e_050_210_02_00	medium	accept
A21b_010_020_03_00	review	accept
A21b_010_140_04_10	medium	reject
A21b_010_150_02_10	medium	reject
A21d_010_030_01_00	medium	accept
A21d_010_190_02_10	medium	reject
A21d_010_280_04_10	medium	reject
A21d_010_420_02_10	medium	reject
A21d_010_430_01_00	medium	accept
A21d_010_440_03_10	medium	reject
A21d_010_520_04_10	medium	reject
A21d_020_130_02_00	review	accept
A21d_020_140_03_10	medium	reject
A31b_010_160_01_00	review	accept
A31d_010_030_01_00	medium	accept
A32b_010_060_03_10	medium	accept
A32d_010_120_01_10	review	accept
A32d_010_140_01_10	medium	accept
A32d_010_170_01_10	review	accept
A32d_010_210_02_10	review	accept
A32d_010_330_02_00	medium	accept
A32d_010_360_02_00	medium	accept
A32d_020_110_06_10	medium	reject
A32d_020_330_03_00	review	accept
A32d_020_630_02_10	medium	reject
A32d_020_670_03_00	medium	accept
A41d_010_010_02_10	review	accept
A41d_010_420_03_10	medium	accept
A41d_010_540_03_10	medium	reject
A41d_010_540_03_20	review	accept
A41d_010_610_04_00	medium	accept
A42d_010_230_02_00	review	accept
A42d_010_340_02_00	medium	accept
A42d_080_150_02_00	review	accept
A42d_080_320_02_00	medium	accept
Abad_010_050_02_10	review	accept
Abad_020_040_06_00	medium	accept
Abad_020_090_04_10	medium	accept
Abad_040_050_03_00	medium	accept
Abad_040_060_02_00	medium	accept
Aed1_030_260_02_10	medium	reject
Aed1_030_280_02_00	medium	accept
Aed1_030_430_02_00	review	accept
Aed1_030_510_03_10	medium	reject
Aed1_050_020_01_00	medium	accept
Aed2_020_050_02_00	review	accept
Aed2_030_020_04_00	review	accept
Aed2_030_110_01_00	review	accept
Aed2_040_110_01_00	review	accept
Aed2_040_210_01_00	review	accept
Aed2_060_050_01_00	review	accept
Aed2_060_080_02_00	review	accept
Aed2_060_140_01_00	review	accept
Aed2_060_180_01_00	review	accept
Aed2_060_180_07_00	review	accept
Aed2_060_180_08_00	review	accept
Aed3_020_120_04_00	medium	accept
B11b_010_060_04_10	medium	reject
B11b_020_100_01_00	medium	accept
B11d_010_060_02_10	medium	reject
B11d_020_040_04_00	review	accept
B11d_020_050_01_00	review	accept
B12b_020_030_01_10	review	accept
B12d_010_040_03_00	review	accept
B12e_020_140_03_10	review	reject
B12e_030_180_02_10	medium	reject
B12e_050_010_02_00	review	accept
B12e_050_030_01_00	medium	accept
B12e_050_030_02_00	medium	accept
B12e_050_040_02_00	review	accept
B12e_050_050_02_00	review	accept
B12e_050_050_03_00	review	accept
B12e_050_050_04_00	medium	accept
B12e_050_060_03_00	review	accept
B12e_050_210_03_00	review	accept
B12e_050_230_01_00	medium	accept
B12e_050_230_04_00	review	accept
B21b_010_130_04_10	medium	reject
B21b_010_140_02_10	medium	reject
B21b_030_040_01_10	medium	reject
B21b_040_130_01_10	medium	accept
B21d_010_020_03_10	review	accept
B21d_010_100_04_00	review	accept
B21d_010_210_04_10	medium	reject
B21d_010_210_12_00	review	accept
B21d_010_220_04_00	review	accept
B21d_010_230_05_10	medium	accept
B21d_010_280_02_10	review	accept
B21e_010_060_02_00	review	accept
B21e_010_090_02_00	review	accept
B21e_010_100_01_00	review	accept
B31b_010_100_02_10	medium	accept
B31d_010_070_02_10	medium	reject
B32b_020_070_01_00	medium	accept
B32b_030_190_08_10	medium	reject
B32d_010_070_01_10	medium	accept
B32d_020_060_01_00	medium	accept
Bed1_020_060_01_30	medium	accept
Bed1_020_110_02_00	medium	accept
Bed1_020_110_03_00	medium	accept
Bed1_030_060_01_10	medium	accept
Bed2_020_100_02_00	review	accept
Bed2_040_020_03_10	review	accept
Bed2_050_070_03_00	medium	accept
Bed3_020_030_03_00	medium	accept
Bed3_020_030_09_00	review	accept
Bed3_025_030_04_00	medium	reject
Bed3_030_070_01_00	medium	accept
Bed3_030_081_03_00	medium	accept
Bed3_040_020_05_00	medium	accept
Bed3_040_080_05_00	medium	accept
Bed4_010_050_02_10	medium	accept
Bed4_020_090_02_00	medium	accept
Bed4_040_050_06_00	medium	accept
Bed4_070_020_03_00	review	accept
Bed4_100_050_03_00	medium	accept
Bed4_100_050_05_00	medium	accept
Bed4_100_100_05_00	review	accept
Bed4_100_180_01_00	review	accept
Bed4_100_180_02_00	review	accept
Bed4_100_250_03_00	medium	accept
Bed4_100_290_02_10	medium	accept
Bed4_100_420_04_00	medium	accept
Bed4_100_450_02_00	review	accept
Bed4_100_510_01_00	review	accept
Bed4_100_520_01_00	review	accept
Bed4_130_030_01_00	review	accept
Bed4_130_220_03_10	review	reject
C21b_010_030_04_00	review	accept
C21b_010_091_05_00	review	accept
C21b_020_030_05_10	review	reject
C21b_020_041_03_00	medium	accept
C21b_030_011_01_00	medium	accept
C21b_030_011_02_00	review	accept
C21b_030_012_03_00	medium	accept
C21d_010_010_05_00	medium	accept
C31b_010_060_01_00	review	accept
C31b_010_060_03_00	medium	accept
C31d_010_023_08_00	review	accept
C31d_010_090_02_10	medium	reject
C31d_050_030_01_00	medium	accept
C32b_010_070_02_10	review	accept
C32d_010_060_05_00	medium	accept
C32d_020_015_01_00	medium	accept
C32d_020_015_03_00	medium	accept
C32d_020_020_04_00	medium	accept
Ced1_040_053_02_00	medium	accept
M10a_070_100_02_00	medium	accept
M10a_080_030_01_10	medium	accept
M10a_080_180_03_00	review	accept
M10a_110_190_01_10	medium	reject
M10a_110_230_04_00	medium	accept
M10a_130_160_02_00	medium	accept
M20a_030_061_02_00	review	accept
M20a_030_062_02_00	review	accept
M20a_030_081_03_00	medium	accept
M20a_050_030_05_00	medium	accept
M20a_060_091_03_00	medium	accept
M20a_080_051_03_00	review	accept
M30a_010_010_04_00	medium	accept
M30a_010_030_02_00	review	accept
M30a_010_030_03_00	review	accept
M30a_010_120_01_00	medium	accept
M30a_010_160_02_00	medium	accept
M30a_010_200_02_00	medium	accept
M30a_020_030_01_00	review	accept
M30a_020_040_02_00	review	accept
M30a_020_040_04_00	medium	accept
M30a_040_110_09_10	review	reject
M30a_060_080_03_10	medium	accept
M30a_080_050_01_00	medium	accept
M30a_120_040_02_00	medium	accept
M30a_120_060_03_00	medium	accept
M30a_100_100_01_00	medium	accept
M40a_020_040_02_10	review	accept
M40a_030_020_03_10	medium	reject
M40a_040_090_05_00	medium	accept
M40a_040_100_99_20	review	accept
M40a_040_100_99_21	medium	accept
M40a_060_110_11_00	review	accept
M40a_070_160_01_00	medium	accept
M40a_070_160_02_00	medium	accept
M40a_070_220_01_00	review	accept
M40a_090_030_03_00	review	accept
M40a_090_210_04_00	review	accept
M40a_090_240_03_00	review	accept
M40a_110_140_02_10	review	accept
M40a_110_250_04_00	medium	accept
M40a_110_380_03_00	medium	accept
M40a_110_441_07_00	review	accept
